 ,,,,,,,,,,,,,,,,,,,,,,,,,,,
Version 1.3.1,This spreadsheet facilitates automatic tracking of when biomass samples are dry.  Created by Andrew Cunliffe (andrewmcunliffe@gmail.com),,,,,,,,,,,,,,,,,,,,,,,,,,
"Please duplicate this spreadsheet for your use, and include it in your data submission",,,,,,,,,,,,,,,,,,,,,,,,,,,
"Enter values into yellow boxes only: (i) Investigator name, (ii) harvest site name, (iii) harvest date (YYYY-MM-DD), (iv) drying temperature, (iv) date / time [yyyy-mm-dd hh:mm], and (v) mass [g]. The Dry weight field should auto-populate once the drying conditions are met.",,,,,,,,,,,,,,,,,,,,,,,,,,,
,,,,,,,,,,,,,,,,,,,,,,,,,,,
,,Investigator Name:,Alan Nare,,,,,Parameters Defining 'Dryness',,,,,,,,,,,,,,,,,,,
,,Harvest site:,Zutshwa,,,,,Minimum overall drying time [hr],,,,,48:00:00,,,,,,,,,,,,,,
,,Harvest date:,25/03/2024,,,,,Period of stable weight [hr],,,,,24,,,,,,,,,,,,,,
,,Oven temp. [°C],60,,,,,Threshold weight change considered stable [%],,,,,1.00%,,,,,,,,,,,,,,
,,,,,,,,,,,,,,,,,,,,,,,,,,,
,,,,,,,Timestep,,,,,,,,,,,,,,,,,,,,
,,,,,,,"Drying started, no weighing",1st weighing,,2nd weighing,,3rd weighing,,4th weighing,,5th weighing,,6th weighing,,7th weighing,,8th weighing,,9th weighing,,10th weighing,
Harvest plot ID,Partition or container (if applicable),Dry weight [g],Drying stopped?,Subsample retained for analysis?,Is sample dry? (verify weights were stable for ≥24 hrs before stopping!),Total drying time [hr],Date / Time,Mass [g],Date / Time,Mass [g],Date / Time,Mass [g],Date / Time,Mass [g],Date / Time,Mass [g],Date / Time,Mass [g],Date / Time,Mass [g],Date / Time,Mass [g],Date / Time,Mass [g],Date / Time,Mass [g],Date / Time
Example,Example,,Yes,No,Drying Started,00:00:00,03/04/2024 09:00,,02/04/2024 09:00,80,03/04/2024 09:00,80.1,,,,,,,,,,,,,,,
S1P01,Stipagrostis uniplumis,134.29,Yes,No,Probably,48:00:00,06/04/2024 22:00,134.32,07/04/2024 22:00,134.29,08/04/2024 22:00,,,,,,,,,,,,,,,,
S1P01,Tribulus terrestris,0.11,Yes,No,Probably,48:00:00,06/04/2024 22:00,0.11,07/04/2024 22:00,0.11,08/04/2024 22:00,,,,,,,,,,,,,,,,
S1P01,Melinis repens,1.16,Yes,No,Probably,72:00:00,06/04/2024 22:00,1.19,07/04/2024 22:00,1.16,08/04/2024 22:00,1.17,09/04/2024 22:00,,,,,,,,,,,,,,
S1P02,Stipagrostis uniplumis,136.44,Yes,No,Probably,48:00:00,06/04/2024 22:00,136.44,07/04/2024 22:00,136.44,08/04/2024 22:00,,,,,,,,,,,,,,,,
S1P02,Tribulus terrestris,7.03,Yes,No,Probably,48:00:00,06/04/2024 22:00,7.03,07/04/2024 22:00,7.03,08/04/2024 22:00,,,,,,,,,,,,,,,,
S1P03,Stipagrostis uniplumis,196.08,Yes,No,Probably,48:00:00,06/04/2024 22:00,196.1,07/04/2024 22:00,196.08,08/04/2024 22:00,,,,,,,,,,,,,,,,
S1P04,Stipagrostis uniplumis,197.41,Yes,No,Probably,48:00:00,06/04/2024 22:00,197.52,07/04/2024 22:00,197.41,08/04/2024 22:00,,,,,,,,,,,,,,,,
S1P04,Tribulus terrestris,2.63,Yes,No,Probably,72:00:00,06/04/2024 22:00,2.68,07/04/2024 22:00,2.65,08/04/2024 22:00,2.63,09/04/2024 22:00,,,,,,,,,,,,,,
S1P05,Schmidtia kalihariensis,53.92,Yes,No,Probably,48:00:00,06/04/2024 22:00,53.93,07/04/2024 22:00,53.92,08/04/2024 22:00,,,,,,,,,,,,,,,,
S1P06,Schmidtia kalihariensis,0.72,Yes,No,Probably,72:00:00,06/04/2024 22:00,0.76,07/04/2024 22:00,0.72,08/04/2024 22:00,0.72,09/04/2024 22:00,,,,,,,,,,,,,,
S1P06,Stipagrostis uniplumis,60.52,Yes,No,Probably,48:00:00,06/04/2024 22:00,60.64,07/04/2024 22:00,60.52,08/04/2024 22:00,,,,,,,,,,,,,,,,
S1P06,Tribulus terrestris,0.37,Yes,No,Probably,72:00:00,06/04/2024 22:00,0.39,07/04/2024 22:00,0.37,08/04/2024 22:00,0.37,09/04/2024 22:00,,,,,,,,,,,,,,
S1P07,Schmidtia kalihariensis,1.31,Yes,No,Probably,72:00:00,06/04/2024 22:00,1.35,07/04/2024 22:00,1.32,08/04/2024 22:00,1.31,09/04/2024 22:00,,,,,,,,,,,,,,
S1P07,Stipagrostis uniplumis,40.01,Yes,No,Probably,48:00:00,06/04/2024 22:00,40.02,07/04/2024 22:00,40.01,08/04/2024 22:00,,,,,,,,,,,,,,,,
S1P08,Schmidtia kalihariensis,4.17,Yes,No,Probably,48:00:00,06/04/2024 22:00,4.18,07/04/2024 22:00,4.17,08/04/2024 22:00,,,,,,,,,,,,,,,,
S1P08,Tribulus terrestris,0.51,Yes,No,Probably,72:00:00,06/04/2024 22:00,0.57,07/04/2024 22:00,0.51,08/04/2024 22:00,0.51,09/04/2024 22:00,,,,,,,,,,,,,,
S1P08,Milky stuff,0.04,Yes,No,Probably,72:00:00,06/04/2024 22:00,0.11,07/04/2024 22:00,0.04,08/04/2024 22:00,0.04,09/04/2024 22:00,,,,,,,,,,,,,,
S1P09,Schmidtia kalihariensis,0.15,Yes,No,Probably,48:00:00,06/04/2024 22:00,0.15,07/04/2024 22:00,0.15,08/04/2024 22:00,,,,,,,,,,,,,,,,
S1P09,Stipagrostis uniplumis,11.88,Yes,No,Probably,48:00:00,06/04/2024 22:00,11.88,07/04/2024 22:00,11.88,08/04/2024 22:00,,,,,,,,,,,,,,,,
S1P09,Tribulus terrestris,1.91,Yes,No,Probably,72:00:00,06/04/2024 22:00,1.96,07/04/2024 22:00,1.92,08/04/2024 22:00,1.91,09/04/2024 22:00,,,,,,,,,,,,,,
S1P09,Senna Italia,0.43,Yes,No,Probably,72:00:00,06/04/2024 22:00,0.45,07/04/2024 22:00,0.43,08/04/2024 22:00,0.43,09/04/2024 22:00,,,,,,,,,,,,,,
S1P10,Schmidtia kalihariensis,5.85,Yes,No,Probably,48:00:00,06/04/2024 22:00,5.87,07/04/2024 22:00,5.85,08/04/2024 22:00,,,,,,,,,,,,,,,,
S1P10,Tribulus terrestris,2.58,Yes,No,Probably,48:00:00,06/04/2024 22:00,2.6,07/04/2024 22:00,2.58,08/04/2024 22:00,,,,,,,,,,,,,,,,
S1P11,Schmidtia kalihariensis,12.57,Yes,No,Probably,48:00:00,06/04/2024 22:00,12.57,07/04/2024 22:00,12.57,08/04/2024 22:00,,,,,,,,,,,,,,,,
S1P11,Senna Italia,0.46,Yes,No,Probably,72:00:00,06/04/2024 22:00,0.49,07/04/2024 22:00,0.46,08/04/2024 22:00,0.46,09/04/2024 22:00,,,,,,,,,,,,,,
S1P12,Schmidtia kalihariensis,19.02,Yes,No,Probably,48:00:00,06/04/2024 22:00,19.05,07/04/2024 22:00,19.02,08/04/2024 22:00,,,,,,,,,,,,,,,,
S1P12,Stipagrostis uniplumis,0.05,Yes,No,Probably,72:00:00,06/04/2024 22:00,0.08,07/04/2024 22:00,0.05,08/04/2024 22:00,0.05,09/04/2024 22:00,,,,,,,,,,,,,,
S1P12,Tribulus terrestris,4.78,Yes,No,Probably,48:00:00,06/04/2024 22:00,4.81,07/04/2024 22:00,4.78,08/04/2024 22:00,,,,,,,,,,,,,,,,
S1P13,Schmidtia kalihariensis,21.52,Yes,No,Probably,48:00:00,06/04/2024 22:00,21.54,07/04/2024 22:00,21.52,08/04/2024 22:00,,,,,,,,,,,,,,,,
S1P13,Tribulus terrestris,2.72,Yes,No,Probably,48:00:00,06/04/2024 22:00,2.73,07/04/2024 22:00,2.72,08/04/2024 22:00,,,,,,,,,,,,,,,,
S1P14,Schmidtia kalihariensis,12.88,Yes,No,Probably,48:00:00,06/04/2024 22:00,12.9,07/04/2024 22:00,12.88,08/04/2024 22:00,,,,,,,,,,,,,,,,
S1P14,Tribulus terrestris,1.47,Yes,No,Probably,72:00:00,06/04/2024 22:00,1.49,07/04/2024 22:00,1.47,08/04/2024 22:00,1.48,09/04/2024 22:00,,,,,,,,,,,,,,
S1P15,Schmidtia kalihariensis,5.1,Yes,No,Probably,48:00:00,06/04/2024 22:00,5.14,07/04/2024 22:00,5.1,08/04/2024 22:00,,,,,,,,,,,,,,,,
S1P15,Tribulus terrestris,0.22,Yes,No,Probably,72:00:00,06/04/2024 22:00,0.26,07/04/2024 22:00,0.22,08/04/2024 22:00,0.22,09/04/2024 22:00,,,,,,,,,,,,,,
S1P15,Gesikia,0.46,Yes,No,Probably,48:00:00,06/04/2024 22:00,0.46,07/04/2024 22:00,0.46,08/04/2024 22:00,,,,,,,,,,,,,,,,
S1P16,Schmidtia kalihariensis,6.21,Yes,No,Probably,48:00:00,06/04/2024 22:00,6.22,07/04/2024 22:00,6.21,08/04/2024 22:00,,,,,,,,,,,,,,,,
S1P16,Stipagrostis uniplumis,0.04,Yes,No,Probably,72:00:00,06/04/2024 22:00,0.08,07/04/2024 22:00,0.04,08/04/2024 22:00,0.04,09/04/2024 22:00,,,,,,,,,,,,,,
S1P16,Tribulus terrestris,1.23,Yes,No,Probably,72:00:00,06/04/2024 22:00,1.27,07/04/2024 22:00,1.24,08/04/2024 22:00,1.23,09/04/2024 22:00,,,,,,,,,,,,,,
S1P16,Melinis repens,3.28,Yes,No,Probably,72:00:00,06/04/2024 22:00,3.38,07/04/2024 22:00,3.3,08/04/2024 22:00,3.28,09/04/2024 22:00,,,,,,,,,,,,,,
S1P17,Schmidtia kalihariensis,9.68,Yes,No,Probably,48:00:00,06/04/2024 22:00,9.71,07/04/2024 22:00,9.68,08/04/2024 22:00,,,,,,,,,,,,,,,,
S1P17,Tribulus terrestris,14.39,Yes,No,Probably,48:00:00,06/04/2024 22:00,14.41,07/04/2024 22:00,14.39,08/04/2024 22:00,,,,,,,,,,,,,,,,
S1P18,Schmidtia kalihariensis,11.74,Yes,No,Probably,48:00:00,06/04/2024 22:00,11.8,07/04/2024 22:00,11.74,08/04/2024 22:00,,,,,,,,,,,,,,,,
S1P18,Stipagrostis uniplumis,5.23,Yes,No,Probably,48:00:00,06/04/2024 22:00,5.26,07/04/2024 22:00,5.23,08/04/2024 22:00,,,,,,,,,,,,,,,,
S1P18,Wild sesame,0.5,Yes,No,Probably,72:00:00,06/04/2024 22:00,0.53,07/04/2024 22:00,0.5,08/04/2024 22:00,0.5,09/04/2024 22:00,,,,,,,,,,,,,,
S1P19,Schmidtia kalihariensis,0.66,Yes,No,Probably,72:00:00,06/04/2024 22:00,0.68,07/04/2024 22:00,0.66,08/04/2024 22:00,0.66,09/04/2024 22:00,,,,,,,,,,,,,,
S1P19,Stipagrostis uniplumis,2.73,Yes,No,Probably,72:00:00,06/04/2024 22:00,2.8,07/04/2024 22:00,2.73,08/04/2024 22:00,2.74,09/04/2024 22:00,,,,,,,,,,,,,,
S1P19,Tribulus terrestris,13.03,Yes,No,Probably,48:00:00,06/04/2024 22:00,13.06,07/04/2024 22:00,13.03,08/04/2024 22:00,,,,,,,,,,,,,,,,
S1P20,Tribulus terrestris,11.5,Yes,No,Probably,48:00:00,06/04/2024 22:00,11.54,07/04/2024 22:00,11.5,08/04/2024 22:00,,,,,,,,,,,,,,,,
S1P20,Milky stuff,0.43,Yes,No,Probably,72:00:00,06/04/2024 22:00,0.44,07/04/2024 22:00,0.43,08/04/2024 22:00,0.43,09/04/2024 22:00,,,,,,,,,,,,,,
S1P21,Stipagrostis uniplumis,0.98,Yes,No,Probably,72:00:00,06/04/2024 22:00,1.01,07/04/2024 22:00,0.98,08/04/2024 22:00,0.98,09/04/2024 22:00,,,,,,,,,,,,,,
S1P21,Tribulus terrestris,8.4,Yes,No,Probably,48:00:00,06/04/2024 22:00,8.4,07/04/2024 22:00,8.4,08/04/2024 22:00,,,,,,,,,,,,,,,,
S1P21,Gesikia,2.05,Yes,No,Probably,48:00:00,06/04/2024 22:00,2.06,07/04/2024 22:00,2.05,08/04/2024 22:00,,,,,,,,,,,,,,,,
S1P22,Schmidtia kalihariensis,0.78,Yes,No,Probably,72:00:00,06/04/2024 22:00,0.79,07/04/2024 22:00,0.78,08/04/2024 22:00,0.78,09/04/2024 22:00,,,,,,,,,,,,,,
S1P22,Tribulus terrestris,34.09,Yes,No,Probably,48:00:00,06/04/2024 22:00,34.1,07/04/2024 22:00,34.09,08/04/2024 22:00,,,,,,,,,,,,,,,,
S1P23,Schmidtia kalihariensis,1.41,Yes,No,Probably,48:00:00,06/04/2024 22:00,1.42,07/04/2024 22:00,1.41,08/04/2024 22:00,,,,,,,,,,,,,,,,
S1P23,Tribulus terrestris,17.52,Yes,No,Probably,72:00:00,06/04/2024 22:00,17.82,07/04/2024 22:00,17.52,08/04/2024 22:00,17.55,09/04/2024 22:00,,,,,,,,,,,,,,
S1P24,Schmidtia kalihariensis,0.66,Yes,No,Probably,72:00:00,06/04/2024 22:00,0.7,07/04/2024 22:00,0.66,08/04/2024 22:00,0.66,09/04/2024 22:00,,,,,,,,,,,,,,
S1P24,Tribulus terrestris,15.53,Yes,No,Probably,48:00:00,06/04/2024 22:00,15.61,07/04/2024 22:00,15.53,08/04/2024 22:00,,,,,,,,,,,,,,,,
S1P24,Melinis repens,3.52,Yes,No,Probably,48:00:00,06/04/2024 22:00,3.53,07/04/2024 22:00,3.52,08/04/2024 22:00,,,,,,,,,,,,,,,,
S1P25,Schmidtia kalihariensis,1.98,Yes,No,Probably,48:00:00,06/04/2024 22:00,1.99,07/04/2024 22:00,1.98,08/04/2024 22:00,,,,,,,,,,,,,,,,
S1P25,Stipagrostis uniplumis,5.35,Yes,No,Probably,48:00:00,06/04/2024 22:00,5.39,07/04/2024 22:00,5.35,08/04/2024 22:00,,,,,,,,,,,,,,,,
S1P25,Tribulus terrestris,17.52,Yes,No,Probably,48:00:00,06/04/2024 22:00,17.52,07/04/2024 22:00,17.52,08/04/2024 22:00,,,,,,,,,,,,,,,,
S1P25,Aristida stipitata,0.96,Yes,No,Probably,72:00:00,06/04/2024 22:00,1.01,07/04/2024 22:00,0.96,08/04/2024 22:00,0.96,09/04/2024 22:00,,,,,,,,,,,,,,
S1P26,Schmidtia kalihariensis,3.81,Yes,No,Probably,48:00:00,06/04/2024 22:00,3.84,07/04/2024 22:00,3.81,08/04/2024 22:00,,,,,,,,,,,,,,,,
S1P26,Stipagrostis uniplumis,8.35,Yes,No,Probably,48:00:00,06/04/2024 22:00,8.37,07/04/2024 22:00,8.35,08/04/2024 22:00,,,,,,,,,,,,,,,,
S1P26,Tribulus terrestris,31.88,Yes,No,Probably,48:00:00,06/04/2024 22:00,31.91,07/04/2024 22:00,31.88,08/04/2024 22:00,,,,,,,,,,,,,,,,
S1P27,Schmidtia kalihariensis,0.54,Yes,No,Probably,72:00:00,06/04/2024 22:00,0.56,07/04/2024 22:00,0.54,08/04/2024 22:00,0.54,09/04/2024 22:00,,,,,,,,,,,,,,
S1P27,Tribulus terrestris,24.31,Yes,No,Probably,48:00:00,06/04/2024 22:00,24.34,07/04/2024 22:00,24.31,08/04/2024 22:00,,,,,,,,,,,,,,,,
S1P28,Schmidtia kalihariensis,2.26,Yes,No,Probably,48:00:00,06/04/2024 22:00,2.26,07/04/2024 22:00,2.27,08/04/2024 22:00,,,,,,,,,,,,,,,,
S1P28,Stipagrostis uniplumis,3.39,Yes,No,Probably,48:00:00,06/04/2024 22:00,3.4,07/04/2024 22:00,3.39,08/04/2024 22:00,,,,,,,,,,,,,,,,
S1P28,Tribulus terrestris,60.88,Yes,No,Probably,48:00:00,06/04/2024 22:00,60.9,07/04/2024 22:00,60.88,08/04/2024 22:00,,,,,,,,,,,,,,,,
S1P29,Stipagrostis uniplumis,22.28,Yes,No,Probably,48:00:00,06/04/2024 22:00,22.3,07/04/2024 22:00,22.28,08/04/2024 22:00,,,,,,,,,,,,,,,,
S1P29,Tribulus terrestris,1.28,Yes,No,Probably,48:00:00,06/04/2024 22:00,1.29,07/04/2024 22:00,1.28,08/04/2024 22:00,,,,,,,,,,,,,,,,
S1P29,Melinis repens,1.34,Yes,No,Probably,72:00:00,06/04/2024 22:00,1.41,07/04/2024 22:00,1.34,08/04/2024 22:00,1.34,09/04/2024 22:00,,,,,,,,,,,,,,
S1P29,Hairy grey purple,0.12,Yes,No,Probably,48:00:00,06/04/2024 22:00,0.12,07/04/2024 22:00,0.12,08/04/2024 22:00,,,,,,,,,,,,,,,,
S1P30,Stipagrostis uniplumis,37.98,Yes,No,Probably,48:00:00,06/04/2024 22:00,37.98,07/04/2024 22:00,37.98,08/04/2024 22:00,,,,,,,,,,,,,,,,
S1P30,Tribulus terrestris,6.99,Yes,No,Probably,48:00:00,06/04/2024 22:00,7.01,07/04/2024 22:00,6.99,08/04/2024 22:00,,,,,,,,,,,,,,,,
S2P01,Schmidtia kalihariensis,25.25,Yes,No,Probably,72:00:00,04/04/2024 22:00,25.58,05/04/2024 22:00,25.32,06/04/2024 22:00,25.25,07/04/2024 22:00,,,,,,,,,,,,,,
S2P01,Beans,0.22,Yes,No,Probably,96:00:00,04/04/2024 22:00,0.26,05/04/2024 22:00,0.44,06/04/2024 22:00,0.22,07/04/2024 22:00,0.22,08/04/2024 22:00,,,,,,,,,,,,
S2P02,Schmidtia kalihariensis,15.36,Yes,No,Probably,48:00:00,04/04/2024 22:00,15.36,05/04/2024 22:00,15.37,06/04/2024 22:00,,,,,,,,,,,,,,,,
S2P02,Tribulus terrestris,2.94,Yes,No,Probably,96:00:00,04/04/2024 22:00,3.21,05/04/2024 22:00,3.26,06/04/2024 22:00,2.94,07/04/2024 22:00,2.95,08/04/2024 22:00,,,,,,,,,,,,
S2P03,Schmidtia kalihariensis,20.52,Yes,No,Probably,96:00:00,04/04/2024 22:00,21.81,05/04/2024 22:00,21.52,06/04/2024 22:00,20.52,07/04/2024 22:00,20.69,08/04/2024 22:00,,,,,,,,,,,,
S2P04,Schmidtia kalihariensis,4.44,Yes,No,Probably,72:00:00,04/04/2024 22:00,4.66,05/04/2024 22:00,4.46,06/04/2024 22:00,4.44,07/04/2024 22:00,,,,,,,,,,,,,,
S2P04,Stipagrostis uniplumis,289.65,Yes,No,Probably,48:00:00,04/04/2024 22:00,289.65,05/04/2024 22:00,290.72,06/04/2024 22:00,,,,,,,,,,,,,,,,
S2P04,Beans,0.05,Yes,No,Probably,48:00:00,04/04/2024 22:00,0.05,05/04/2024 22:00,0.05,06/04/2024 22:00,,,,,,,,,,,,,,,,
S2P05,Schmidtia kalihariensis,4.22,Yes,No,Probably,96:00:00,04/04/2024 22:00,4.67,05/04/2024 22:00,4.89,06/04/2024 22:00,4.23,07/04/2024 22:00,4.22,08/04/2024 22:00,,,,,,,,,,,,
S2P05,Stipagrostis uniplumis,177.55,Yes,No,Probably,48:00:00,04/04/2024 22:00,177.55,05/04/2024 22:00,179.16,06/04/2024 22:00,,,,,,,,,,,,,,,,
S2P05,Gesikia,0.18,Yes,No,Probably,72:00:00,04/04/2024 22:00,0.2,05/04/2024 22:00,0.18,06/04/2024 22:00,0.18,07/04/2024 22:00,,,,,,,,,,,,,,
S2P05,Beans,0.38,Yes,No,Probably,96:00:00,04/04/2024 22:00,0.46,05/04/2024 22:00,0.41,06/04/2024 22:00,0.38,07/04/2024 22:00,0.38,08/04/2024 22:00,,,,,,,,,,,,
S2P06,Schmidtia kalihariensis,9.72,Yes,No,Probably,48:00:00,04/04/2024 22:00,9.73,05/04/2024 22:00,9.72,06/04/2024 22:00,,,,,,,,,,,,,,,,
S2P06,Stipagrostis uniplumis,154.14,Yes,No,Probably,48:00:00,04/04/2024 22:00,154.14,05/04/2024 22:00,154.18,06/04/2024 22:00,,,,,,,,,,,,,,,,
S2P06,Tribulus terrestris,0.42,Yes,No,Probably,96:00:00,04/04/2024 22:00,0.52,05/04/2024 22:00,0.48,06/04/2024 22:00,0.42,07/04/2024 22:00,0.42,08/04/2024 22:00,,,,,,,,,,,,
S2P06,Beans,0.52,Yes,No,Probably,96:00:00,04/04/2024 22:00,1.12,05/04/2024 22:00,0.52,06/04/2024 22:00,0.54,07/04/2024 22:00,0.52,08/04/2024 22:00,,,,,,,,,,,,
S2P06,White satan,1.01,Yes,No,Probably,96:00:00,04/04/2024 22:00,1.21,05/04/2024 22:00,1.18,06/04/2024 22:00,1.02,07/04/2024 22:00,1.01,08/04/2024 22:00,,,,,,,,,,,,
S2P07,Schmidtia kalihariensis,16.69,Yes,No,Probably,72:00:00,04/04/2024 22:00,17.04,05/04/2024 22:00,16.73,06/04/2024 22:00,16.69,07/04/2024 22:00,,,,,,,,,,,,,,
S2P07,Stipagrostis uniplumis,1.12,Yes,No,Probably,96:00:00,04/04/2024 22:00,1.4,05/04/2024 22:00,1.36,06/04/2024 22:00,1.13,07/04/2024 22:00,1.12,08/04/2024 22:00,,,,,,,,,,,,
S2P07,Tribulus terrestris,2.42,Yes,No,Probably,96:00:00,04/04/2024 22:00,2.61,05/04/2024 22:00,2.55,06/04/2024 22:00,2.42,07/04/2024 22:00,2.42,08/04/2024 22:00,,,,,,,,,,,,
S2P07,Beans,0.18,Yes,No,Probably,96:00:00,04/04/2024 22:00,0.28,05/04/2024 22:00,0.29,06/04/2024 22:00,0.18,07/04/2024 22:00,0.18,08/04/2024 22:00,,,,,,,,,,,,
S2P08,Schmidtia kalihariensis,10.81,Yes,No,Probably,48:00:00,04/04/2024 22:00,10.89,05/04/2024 22:00,10.81,06/04/2024 22:00,,,,,,,,,,,,,,,,
S2P08,Tribulus terrestris,49.58,Yes,No,Probably,48:00:00,04/04/2024 22:00,49.58,05/04/2024 22:00,49.68,06/04/2024 22:00,,,,,,,,,,,,,,,,
S2P09,Schmidtia kalihariensis,8.72,Yes,No,Probably,96:00:00,04/04/2024 22:00,9.28,05/04/2024 22:00,9.07,06/04/2024 22:00,8.74,07/04/2024 22:00,8.72,08/04/2024 22:00,,,,,,,,,,,,
S2P09,Tribulus terrestris,38.18,Yes,No,Probably,72:00:00,04/04/2024 22:00,38.18,05/04/2024 22:00,38.67,06/04/2024 22:00,38.24,07/04/2024 22:00,,,,,,,,,,,,,,
S2P10,Schmidtia kalihariensis,6.16,Yes,No,Probably,96:00:00,04/04/2024 22:00,6.66,05/04/2024 22:00,6.34,06/04/2024 22:00,6.16,07/04/2024 22:00,6.16,08/04/2024 22:00,,,,,,,,,,,,
S2P10,Tribulus terrestris,34.81,Yes,No,Probably,48:00:00,04/04/2024 22:00,34.99,05/04/2024 22:00,34.81,06/04/2024 22:00,,,,,,,,,,,,,,,,
S2P10,Beans,1.9,Yes,No,Probably,96:00:00,04/04/2024 22:00,2.51,05/04/2024 22:00,2.2,06/04/2024 22:00,1.91,07/04/2024 22:00,1.9,08/04/2024 22:00,,,,,,,,,,,,
S2P11,Schmidtia kalihariensis,17.52,Yes,No,Probably,48:00:00,04/04/2024 22:00,17.52,05/04/2024 22:00,17.52,06/04/2024 22:00,,,,,,,,,,,,,,,,
S2P11,Stipagrostis uniplumis,70.8,Yes,No,Probably,48:00:00,04/04/2024 22:00,70.8,05/04/2024 22:00,70.97,06/04/2024 22:00,,,,,,,,,,,,,,,,
S2P11,Tribulus terrestris,0.17,Yes,No,Probably,96:00:00,04/04/2024 22:00,0.17,05/04/2024 22:00,0.24,06/04/2024 22:00,0.22,07/04/2024 22:00,0.17,08/04/2024 22:00,,,,,,,,,,,,
S2P11,Beans,0.18,Yes,No,Probably,96:00:00,04/04/2024 22:00,0.28,05/04/2024 22:00,0.3,06/04/2024 22:00,0.18,07/04/2024 22:00,0.18,08/04/2024 22:00,,,,,,,,,,,,
S2P12,Tribulus terrestris,56.13,Yes,No,Probably,48:00:00,04/04/2024 22:00,56.13,05/04/2024 22:00,56.21,06/04/2024 22:00,,,,,,,,,,,,,,,,
S2P12,Beans,0.1,Yes,No,Probably,96:00:00,04/04/2024 22:00,0.26,05/04/2024 22:00,0.17,06/04/2024 22:00,0.1,07/04/2024 22:00,0.1,08/04/2024 22:00,,,,,,,,,,,,
S2P13,Schmidtia kalihariensis,5.2,Yes,No,Probably,96:00:00,04/04/2024 22:00,5.44,05/04/2024 22:00,5.62,06/04/2024 22:00,5.21,07/04/2024 22:00,5.2,08/04/2024 22:00,,,,,,,,,,,,
S2P13,Tribulus terrestris,33.02,Yes,No,Probably,72:00:00,04/04/2024 22:00,33.02,05/04/2024 22:00,33.42,06/04/2024 22:00,33.27,07/04/2024 22:00,,,,,,,,,,,,,,
S2P13,Beans,1.26,Yes,No,Probably,96:00:00,04/04/2024 22:00,1.45,05/04/2024 22:00,1.34,06/04/2024 22:00,1.27,07/04/2024 22:00,1.26,08/04/2024 22:00,,,,,,,,,,,,
S2P13,White satan,2.45,Yes,No,Probably,96:00:00,04/04/2024 22:00,2.45,05/04/2024 22:00,2.54,06/04/2024 22:00,2.49,07/04/2024 22:00,2.47,08/04/2024 22:00,,,,,,,,,,,,
S2P14,Schmidtia kalihariensis,25.25,Yes,No,Probably,48:00:00,04/04/2024 22:00,25.25,05/04/2024 22:00,25.35,06/04/2024 22:00,,,,,,,,,,,,,,,,
S2P14,Tribulus terrestris,1.59,Yes,No,Probably,96:00:00,04/04/2024 22:00,1.97,05/04/2024 22:00,1.73,06/04/2024 22:00,1.6,07/04/2024 22:00,1.59,08/04/2024 22:00,,,,,,,,,,,,
S2P14,Beans,0.72,Yes,No,Probably,96:00:00,04/04/2024 22:00,0.82,05/04/2024 22:00,0.97,06/04/2024 22:00,0.72,07/04/2024 22:00,0.72,08/04/2024 22:00,,,,,,,,,,,,
S2P15,Stipagrostis uniplumis,1.22,Yes,No,Probably,96:00:00,04/04/2024 22:00,1.38,05/04/2024 22:00,1.31,06/04/2024 22:00,1.23,07/04/2024 22:00,1.22,08/04/2024 22:00,,,,,,,,,,,,
S2P15,Tribulus terrestris,27.51,Yes,No,Probably,48:00:00,04/04/2024 22:00,27.53,05/04/2024 22:00,27.51,06/04/2024 22:00,,,,,,,,,,,,,,,,
S2P16,Schmidtia kalihariensis,6.96,Yes,No,Probably,96:00:00,04/04/2024 22:00,7.2,05/04/2024 22:00,7.51,06/04/2024 22:00,7.01,07/04/2024 22:00,6.96,08/04/2024 22:00,,,,,,,,,,,,
S2P16,Stipagrostis uniplumis,0.99,Yes,No,Probably,96:00:00,04/04/2024 22:00,1.16,05/04/2024 22:00,1.19,06/04/2024 22:00,1,07/04/2024 22:00,0.99,08/04/2024 22:00,,,,,,,,,,,,
S2P16,Tribulus terrestris,33.06,Yes,No,Probably,48:00:00,04/04/2024 22:00,33.37,05/04/2024 22:00,33.06,06/04/2024 22:00,,,,,,,,,,,,,,,,
S2P16,Forb,2.48,Yes,No,Probably,72:00:00,04/04/2024 22:00,2.74,05/04/2024 22:00,2.49,06/04/2024 22:00,2.48,07/04/2024 22:00,,,,,,,,,,,,,,
S2P17,Schmidtia kalihariensis,18.54,Yes,No,Probably,48:00:00,04/04/2024 22:00,18.54,05/04/2024 22:00,18.56,06/04/2024 22:00,,,,,,,,,,,,,,,,
S2P17,Stipagrostis uniplumis,0.3,Yes,No,Probably,72:00:00,04/04/2024 22:00,0.3,05/04/2024 22:00,0.32,06/04/2024 22:00,0.3,07/04/2024 22:00,,,,,,,,,,,,,,
S2P17,Tribulus terrestris,1.02,Yes,No,Probably,96:00:00,04/04/2024 22:00,1.52,05/04/2024 22:00,1.04,06/04/2024 22:00,1.02,07/04/2024 22:00,1.02,08/04/2024 22:00,,,,,,,,,,,,
S2P17,Beans,1.69,Yes,No,Probably,48:00:00,04/04/2024 22:00,1.69,05/04/2024 22:00,1.69,06/04/2024 22:00,,,,,,,,,,,,,,,,
S2P17,White satan,0.62,Yes,No,Probably,96:00:00,04/04/2024 22:00,0.72,05/04/2024 22:00,0.63,06/04/2024 22:00,0.62,07/04/2024 22:00,0.62,08/04/2024 22:00,,,,,,,,,,,,
S2P18,Schmidtia kalihariensis,6.36,Yes,No,Probably,96:00:00,04/04/2024 22:00,6.72,05/04/2024 22:00,6.49,06/04/2024 22:00,6.37,07/04/2024 22:00,6.36,08/04/2024 22:00,,,,,,,,,,,,
S2P18,Stipagrostis uniplumis,34.48,Yes,No,Probably,72:00:00,04/04/2024 22:00,34.62,05/04/2024 22:00,35.01,06/04/2024 22:00,34.48,07/04/2024 22:00,,,,,,,,,,,,,,
S2P18,Beans,1,Yes,No,Probably,96:00:00,04/04/2024 22:00,1.06,05/04/2024 22:00,1.15,06/04/2024 22:00,1.01,07/04/2024 22:00,1,08/04/2024 22:00,,,,,,,,,,,,
S2P19,Schmidtia kalihariensis,23.13,Yes,No,Probably,48:00:00,04/04/2024 22:00,23.13,05/04/2024 22:00,23.16,06/04/2024 22:00,,,,,,,,,,,,,,,,
S2P19,Beans,0.53,Yes,No,Probably,96:00:00,04/04/2024 22:00,0.61,05/04/2024 22:00,0.57,06/04/2024 22:00,0.53,07/04/2024 22:00,0.53,08/04/2024 22:00,,,,,,,,,,,,
S2P20,Stipagrostis uniplumis,250.63,Yes,No,Probably,48:00:00,04/04/2024 22:00,250.63,05/04/2024 22:00,251.02,06/04/2024 22:00,,,,,,,,,,,,,,,,
S2P21,Schmidtia kalihariensis,3.37,Yes,No,Probably,48:00:00,04/04/2024 22:00,3.39,05/04/2024 22:00,3.37,06/04/2024 22:00,,,,,,,,,,,,,,,,
S2P21,Stipagrostis uniplumis,157.52,Yes,No,Probably,48:00:00,04/04/2024 22:00,157.52,05/04/2024 22:00,157.52,06/04/2024 22:00,,,,,,,,,,,,,,,,
S2P21,Tribulus terrestris,2.18,Yes,No,Probably,96:00:00,04/04/2024 22:00,2.42,05/04/2024 22:00,2.36,06/04/2024 22:00,2.18,07/04/2024 22:00,2.18,08/04/2024 22:00,,,,,,,,,,,,
S2P22,Schmidtia kalihariensis,32.46,Yes,No,Probably,48:00:00,04/04/2024 22:00,32.46,05/04/2024 22:00,32.75,06/04/2024 22:00,,,,,,,,,,,,,,,,
S2P22,Tribulus terrestris,7.92,Yes,No,Probably,48:00:00,04/04/2024 22:00,7.93,05/04/2024 22:00,7.92,06/04/2024 22:00,,,,,,,,,,,,,,,,
S2P23,Schmidtia kalihariensis,3.58,Yes,No,Probably,48:00:00,04/04/2024 22:00,3.58,05/04/2024 22:00,3.58,06/04/2024 22:00,,,,,,,,,,,,,,,,
S2P23,Tribulus terrestris,28.57,Yes,No,Probably,48:00:00,04/04/2024 22:00,28.57,05/04/2024 22:00,28.84,06/04/2024 22:00,,,,,,,,,,,,,,,,
S2P23,Beans,2.47,Yes,No,Probably,72:00:00,04/04/2024 22:00,2.47,05/04/2024 22:00,2.55,06/04/2024 22:00,2.48,07/04/2024 22:00,,,,,,,,,,,,,,
S2P23,Forb,1.25,Yes,No,Probably,48:00:00,04/04/2024 22:00,1.25,05/04/2024 22:00,1.26,06/04/2024 22:00,,,,,,,,,,,,,,,,
S2P24,Schmidtia kalihariensis,7.52,Yes,No,Probably,72:00:00,04/04/2024 22:00,8.07,05/04/2024 22:00,7.53,06/04/2024 22:00,7.52,07/04/2024 22:00,,,,,,,,,,,,,,
S2P24,Tribulus terrestris,23.99,Yes,No,Probably,48:00:00,04/04/2024 22:00,24.16,05/04/2024 22:00,23.99,06/04/2024 22:00,,,,,,,,,,,,,,,,
S2P25,Schmidtia kalihariensis,12.87,Yes,No,Probably,48:00:00,04/04/2024 22:00,12.87,05/04/2024 22:00,12.98,06/04/2024 22:00,,,,,,,,,,,,,,,,
S2P25,Beans,0.68,Yes,No,Probably,96:00:00,04/04/2024 22:00,1.06,05/04/2024 22:00,0.71,06/04/2024 22:00,0.68,07/04/2024 22:00,0.68,08/04/2024 22:00,,,,,,,,,,,,
S2P26,Schmidtia kalihariensis,4.18,Yes,No,Probably,48:00:00,04/04/2024 22:00,4.18,05/04/2024 22:00,4.21,06/04/2024 22:00,,,,,,,,,,,,,,,,
S2P26,Tribulus terrestris,36.52,Yes,No,Probably,48:00:00,04/04/2024 22:00,36.58,05/04/2024 22:00,36.52,06/04/2024 22:00,,,,,,,,,,,,,,,,
S2P27,Schmidtia kalihariensis,3.73,Yes,No,Probably,96:00:00,04/04/2024 22:00,4.26,05/04/2024 22:00,4.15,06/04/2024 22:00,3.76,07/04/2024 22:00,3.73,08/04/2024 22:00,,,,,,,,,,,,
S2P27,Stipagrostis uniplumis,81.51,Yes,No,Probably,72:00:00,04/04/2024 22:00,81.51,05/04/2024 22:00,82.66,06/04/2024 22:00,81.7,07/04/2024 22:00,,,,,,,,,,,,,,
S2P27,Tribulus terrestris,1.94,Yes,No,Probably,96:00:00,04/04/2024 22:00,1.95,05/04/2024 22:00,2.25,06/04/2024 22:00,1.97,07/04/2024 22:00,1.94,08/04/2024 22:00,,,,,,,,,,,,
S2P28,Schmidtia kalihariensis,8.44,Yes,No,Probably,48:00:00,04/04/2024 22:00,8.48,05/04/2024 22:00,8.44,06/04/2024 22:00,,,,,,,,,,,,,,,,
S2P28,Stipagrostis uniplumis,32.46,Yes,No,Probably,48:00:00,04/04/2024 22:00,32.46,05/04/2024 22:00,32.56,06/04/2024 22:00,,,,,,,,,,,,,,,,
S2P29,Schmidtia kalihariensis,27.52,Yes,No,Probably,96:00:00,04/04/2024 22:00,28.26,05/04/2024 22:00,27.93,06/04/2024 22:00,27.52,07/04/2024 22:00,27.52,08/04/2024 22:00,,,,,,,,,,,,
S2P29,Tribulus terrestris,1.84,Yes,No,Probably,48:00:00,04/04/2024 22:00,1.85,05/04/2024 22:00,1.84,06/04/2024 22:00,,,,,,,,,,,,,,,,
S2P30,Schmidtia kalihariensis,8.55,Yes,No,Probably,48:00:00,04/04/2024 22:00,8.55,05/04/2024 22:00,8.63,06/04/2024 22:00,,,,,,,,,,,,,,,,
S2P30,Stipagrostis uniplumis,96.26,Yes,No,Probably,72:00:00,04/04/2024 22:00,97.48,05/04/2024 22:00,96.48,06/04/2024 22:00,96.26,07/04/2024 22:00,,,,,,,,,,,,,,
S2P30,Tribulus terrestris,1.26,Yes,No,Probably,96:00:00,04/04/2024 22:00,1.44,05/04/2024 22:00,1.42,06/04/2024 22:00,1.26,07/04/2024 22:00,1.26,08/04/2024 22:00,,,,,,,,,,,,
S2P30,Beans,1.1,Yes,No,Probably,96:00:00,04/04/2024 22:00,1.19,05/04/2024 22:00,1.26,06/04/2024 22:00,1.11,07/04/2024 22:00,1.1,08/04/2024 22:00,,,,,,,,,,,,
S2P30,Forb,1.41,Yes,No,Probably,48:00:00,04/04/2024 22:00,1.42,05/04/2024 22:00,1.41,06/04/2024 22:00,,,,,,,,,,,,,,,,
S2P30,Forb 2,1.01,Yes,No,Probably,96:00:00,04/04/2024 22:00,1.29,05/04/2024 22:00,1.17,06/04/2024 22:00,1.02,07/04/2024 22:00,1.01,08/04/2024 22:00,,,,,,,,,,,,
S3P01,Stipagrostis uniplumis,39.25,Yes,No,Probably,72:00:00,01/04/2024 22:00,39.39,01/04/2024 22:00,39.25,04/04/2024 22:00,,,,,,,,,,,,,,,,
S3P01,Schmidtia pappophoroides,32.92,Yes,No,Probably,72:00:00,01/04/2024 22:00,33.02,01/04/2024 22:00,32.92,04/04/2024 22:00,,,,,,,,,,,,,,,,
S3P02,Stipagrostis uniplumis,74.5,Yes,No,Probably,72:00:00,01/04/2024 22:00,74.5,01/04/2024 22:00,74.62,04/04/2024 22:00,,,,,,,,,,,,,,,,
S3P02,Schmidtia pappophoroides,6.98,Yes,No,Probably,120:00:00,01/04/2024 22:00,7.12,01/04/2024 22:00,6.99,04/04/2024 22:00,6.98,05/04/2024 22:00,6.99,06/04/2024 22:00,,,,,,,,,,,,
S3P03,Tall Bushman,93.29,Yes,No,Probably,96:00:00,01/04/2024 22:00,93.52,01/04/2024 22:00,93.29,04/04/2024 22:00,,05/04/2024 22:00,,,,,,,,,,,,,,
S3P04,Tall Bushman,8.64,Yes,No,Probably,96:00:00,01/04/2024 22:00,8.83,01/04/2024 22:00,8.64,04/04/2024 22:00,8.7,05/04/2024 22:00,,,,,,,,,,,,,,
S3P04,Stipagrostis uniplumis,13.51,Yes,No,Probably,120:00:00,01/04/2024 22:00,14.33,01/04/2024 22:00,13.53,04/04/2024 22:00,13.51,05/04/2024 22:00,13.51,06/04/2024 22:00,,,,,,,,,,,,
S3P05,Stipagrostis uniplumis,34.37,Yes,No,Probably,96:00:00,01/04/2024 22:00,34.37,01/04/2024 22:00,34.4,04/04/2024 22:00,,05/04/2024 22:00,,,,,,,,,,,,,,
S3P05,Eragrostis pallens,56.67,Yes,No,Probably,96:00:00,01/04/2024 22:00,56.74,01/04/2024 22:00,56.67,04/04/2024 22:00,,05/04/2024 22:00,,,,,,,,,,,,,,
S3P06,Stipagrostis uniplumis,45.04,Yes,No,Probably,96:00:00,01/04/2024 22:00,45.1,01/04/2024 22:00,45.04,04/04/2024 22:00,,05/04/2024 22:00,,,,,,,,,,,,,,
S3P07,Tall Bushman,113.07,Yes,No,Probably,96:00:00,01/04/2024 22:00,117.57,01/04/2024 22:00,113.07,04/04/2024 22:00,113.46,05/04/2024 22:00,,,,,,,,,,,,,,
S3P08,Stipagrostis uniplumis,78.87,Yes,No,Probably,96:00:00,01/04/2024 22:00,79,01/04/2024 22:00,78.87,04/04/2024 22:00,,05/04/2024 22:00,,,,,,,,,,,,,,
S3P09,Stipagrostis uniplumis,37.86,Yes,No,Probably,96:00:00,01/04/2024 22:00,37.99,01/04/2024 22:00,37.86,04/04/2024 22:00,,05/04/2024 22:00,,,,,,,,,,,,,,
S3P10,Tall Bushman,137.52,Yes,No,Probably,96:00:00,01/04/2024 22:00,137.53,01/04/2024 22:00,137.52,04/04/2024 22:00,,05/04/2024 22:00,,,,,,,,,,,,,,
S3P10,Stipagrostis uniplumis,11.72,Yes,No,Probably,96:00:00,01/04/2024 22:00,11.75,01/04/2024 22:00,11.72,04/04/2024 22:00,,05/04/2024 22:00,,,,,,,,,,,,,,
S3P11,Stipagrostis uniplumis,15.26,Yes,No,Probably,96:00:00,01/04/2024 22:00,15.33,01/04/2024 22:00,15.6,04/04/2024 22:00,15.26,05/04/2024 22:00,,,,,,,,,,,,,,
S3P11,Schmidtia pappophoroides,73.72,Yes,No,Probably,96:00:00,01/04/2024 22:00,74.24,01/04/2024 22:00,73.72,04/04/2024 22:00,,05/04/2024 22:00,,,,,,,,,,,,,,
S3P12,Eragrostis pallens,135.94,Yes,No,Probably,96:00:00,01/04/2024 22:00,137.49,01/04/2024 22:00,135.94,04/04/2024 22:00,135.97,05/04/2024 22:00,,,,,,,,,,,,,,
S3P13,Tall Bushman,143.49,Yes,No,Probably,96:00:00,01/04/2024 22:00,143.95,01/04/2024 22:00,143.49,04/04/2024 22:00,,05/04/2024 22:00,,,,,,,,,,,,,,
S3P13,Stipagrostis uniplumis,44.97,Yes,No,Probably,96:00:00,01/04/2024 22:00,45.35,01/04/2024 22:00,44.97,04/04/2024 22:00,,05/04/2024 22:00,,,,,,,,,,,,,,
S3P14,Stipagrostis uniplumis,229.93,Yes,No,Probably,96:00:00,01/04/2024 22:00,232.59,01/04/2024 22:00,229.93,04/04/2024 22:00,230.05,05/04/2024 22:00,,,,,,,,,,,,,,
S3P15,Stipagrostis uniplumis,189.88,Yes,No,Probably,96:00:00,01/04/2024 22:00,190.74,01/04/2024 22:00,189.88,04/04/2024 22:00,,05/04/2024 22:00,,,,,,,,,,,,,,
S3P16,Stipagrostis uniplumis,137.53,Yes,No,Probably,96:00:00,01/04/2024 22:00,138.52,01/04/2024 22:00,137.53,04/04/2024 22:00,,05/04/2024 22:00,,,,,,,,,,,,,,
S3P17,Tall Bushman,59.16,Yes,No,Probably,96:00:00,01/04/2024 22:00,59.16,01/04/2024 22:00,59.44,04/04/2024 22:00,,05/04/2024 22:00,,,,,,,,,,,,,,
S3P17,Stipagrostis uniplumis,50.67,Yes,No,Probably,96:00:00,01/04/2024 22:00,50.67,01/04/2024 22:00,51.03,04/04/2024 22:00,,05/04/2024 22:00,,,,,,,,,,,,,,
S3P18,Stipagrostis uniplumis,4.02,Yes,No,Probably,120:00:00,01/04/2024 22:00,4.71,01/04/2024 22:00,4.02,04/04/2024 22:00,4.02,05/04/2024 22:00,4.02,06/04/2024 22:00,,,,,,,,,,,,
S3P18,Schmidtia kalihariensis,3.92,Yes,No,Probably,96:00:00,01/04/2024 22:00,4.01,01/04/2024 22:00,3.92,04/04/2024 22:00,3.93,05/04/2024 22:00,,,,,,,,,,,,,,
S3P19,Schmidtia pappophoroides,16.34,Yes,No,Probably,96:00:00,01/04/2024 22:00,16.86,01/04/2024 22:00,16.36,04/04/2024 22:00,16.34,05/04/2024 22:00,,,,,,,,,,,,,,
S3P20,Schmidtia pappophoroides,131.64,Yes,No,Probably,96:00:00,01/04/2024 22:00,131.65,01/04/2024 22:00,131.64,04/04/2024 22:00,,05/04/2024 22:00,,,,,,,,,,,,,,
S3P21,Stipagrostis uniplumis,192.53,Yes,No,Probably,96:00:00,01/04/2024 22:00,194.39,01/04/2024 22:00,192.53,04/04/2024 22:00,,05/04/2024 22:00,,,,,,,,,,,,,,
S3P22,Stipagrostis uniplumis,8.09,Yes,No,Probably,96:00:00,01/04/2024 22:00,8.38,01/04/2024 22:00,8.09,04/04/2024 22:00,8.13,05/04/2024 22:00,,,,,,,,,,,,,,
S3P22,Schmidtia pappophoroides,60.73,Yes,No,Probably,96:00:00,01/04/2024 22:00,61.04,01/04/2024 22:00,60.73,04/04/2024 22:00,,05/04/2024 22:00,,,,,,,,,,,,,,
S3P23,Stipagrostis uniplumis,78.97,Yes,No,Probably,120:00:00,01/04/2024 22:00,80.6,01/04/2024 22:00,78.97,04/04/2024 22:00,78.98,05/04/2024 22:00,78.99,06/04/2024 22:00,,,,,,,,,,,,
S3P24,Tall Bushman,119.65,Yes,No,Probably,96:00:00,01/04/2024 22:00,120.22,01/04/2024 22:00,119.65,04/04/2024 22:00,,05/04/2024 22:00,,,,,,,,,,,,,,
S3P25,Tall Bushman,46.03,Yes,No,Probably,96:00:00,01/04/2024 22:00,46.03,01/04/2024 22:00,46.36,04/04/2024 22:00,,05/04/2024 22:00,,,,,,,,,,,,,,
S3P25,Stipagrostis uniplumis,34.05,Yes,No,Probably,96:00:00,01/04/2024 22:00,34.3,01/04/2024 22:00,34.05,04/04/2024 22:00,,05/04/2024 22:00,,,,,,,,,,,,,,
S3P25,Forb 1,8.59,Yes,No,Probably,120:00:00,01/04/2024 22:00,10.47,01/04/2024 22:00,8.61,04/04/2024 22:00,8.59,05/04/2024 22:00,8.6,06/04/2024 22:00,,,,,,,,,,,,
S3P26,Tall Bushman,82.44,Yes,No,Probably,96:00:00,01/04/2024 22:00,82.44,01/04/2024 22:00,82.65,04/04/2024 22:00,,05/04/2024 22:00,,,,,,,,,,,,,,
S3P26,Stipagrostis uniplumis,16.44,Yes,No,Probably,96:00:00,01/04/2024 22:00,16.44,01/04/2024 22:00,16.48,04/04/2024 22:00,,05/04/2024 22:00,,,,,,,,,,,,,,
S3P27,Stipagrostis uniplumis,32.65,Yes,No,Probably,96:00:00,01/04/2024 22:00,32.65,01/04/2024 22:00,32.76,04/04/2024 22:00,,05/04/2024 22:00,,,,,,,,,,,,,,
S3P27,Forb 1,0.21,Yes,No,Probably,120:00:00,01/04/2024 22:00,0.4,01/04/2024 22:00,0.21,04/04/2024 22:00,0.22,05/04/2024 22:00,0.21,06/04/2024 22:00,,,,,,,,,,,,
S3P27,Forb 2,0.9,Yes,No,Probably,120:00:00,01/04/2024 22:00,0.92,01/04/2024 22:00,0.91,04/04/2024 22:00,0.9,05/04/2024 22:00,0.9,06/04/2024 22:00,,,,,,,,,,,,
S3P28,Schmidtia pappophoroides,100.28,Yes,No,Probably,96:00:00,01/04/2024 22:00,100.7,01/04/2024 22:00,100.28,04/04/2024 22:00,,05/04/2024 22:00,,,,,,,,,,,,,,
S3P29,Tall Bushman,11.17,Yes,No,Probably,96:00:00,01/04/2024 22:00,11.23,01/04/2024 22:00,11.17,04/04/2024 22:00,,05/04/2024 22:00,,,,,,,,,,,,,,
S3P29,Schmidtia kalihariensis,16.37,Yes,No,Probably,96:00:00,01/04/2024 22:00,16.5,01/04/2024 22:00,16.37,04/04/2024 22:00,,05/04/2024 22:00,,,,,,,,,,,,,,
S3P30,Stipagrostis uniplumis,40.03,Yes,No,Probably,96:00:00,01/04/2024 22:00,40.19,01/04/2024 22:00,40.03,04/04/2024 22:00,,05/04/2024 22:00,,,,,,,,,,,,,,
S3P30,Schmidtia pappophoroides,130.54,Yes,No,Probably,96:00:00,01/04/2024 22:00,131.54,01/04/2024 22:00,130.54,04/04/2024 22:00,,05/04/2024 22:00,,,,,,,,,,,,,,
